<odoo>
    <data noupdate="1">
        <record id="ir_cron_update_late_status" model="ir.cron">
            <field name="name">Update Late Status for Equipment Issues</field>
            <field name="model_id" ref="model_equipment_issue"/>
            <field name="state">code</field>
            <field name="code">model.update_late_status()</field>
            <field name="user_id" ref="base.user_root"/>
            <field name="interval_number">1</field>
            <field name="interval_type">days</field>
            <field name="numbercall">-1</field>
            <field name="active">True</field>
        </record>
    </data>
</odoo>
