<templates xml:space="preserve">
    <t t-name="sales_dashboard.chartjs_sample" owl="1">
        <div class="big-card p-4 rounded-4 mt-4">
            
            <!-- 🏷️ Navbar Card (Smaller Height) -->
            <div class="navbar-card d-flex flex-wrap flex-md-row flex-column justify-content-between align-items-center p-2 mb-3 shadow rounded-4 bg-white">
                <div class="d-flex flex-column flex-md-row gap-2 w-100">
                    <!-- <div class="filter-dropdown md:w-1/4">
                        <select id="filterType" class="form-select" t-on-change="onFilterChangenew">
                            <option value="draft">Draft</option>
                            <option value="sent">Sent</option>
                            <option value="sale">Sale</option>
                           
                            <option value="cancel">Cancelled</option>
                        </select>
                    </div> -->
                    <!-- <input type="date" id="dateRange" class="form-control" t-on-change="onDateRangeChange"/> -->
                    <label for="dateFrom" class="form-label">Date From</label>
                    <input type="date" id="dateFrom" class="form-control" t-on-change="onStartDateChange"/>
                    <label for="dateTo" class="form-label">Date To</label>
                    <input type="date" id="dateTo" class="form-control" t-on-change="onEndDateChange"/>
                    <input type="text" class="form-control" placeholder="Search..." t-on-input="onSearchQueryChange"/>
                     <!-- <label for="customerFilter" class="form-label">Filter by Customer</label>
                    <input type="text" id="customerFilter" class="form-control" placeholder="Enter customer name..." t-on-input="onCustomerFilterChange"/>
                    <label for="productFilter" class="form-label">Filter by Product</label>
                    <input type="text" id="productFilter" class="form-control" placeholder="Enter product name..." t-on-input="onProductFilterChange"/> -->
                    <!-- <button class="btn btn-success" id="topCustomersBtn">🏆 Top Customers</button>
                    <button class="btn btn-warning" id="topProductsBtn">🔥 Top Products</button> -->
                    <!-- <button class="btn btn-primary" t-on-click="fetchData">🔄 Reset</button> -->
                </div>
            </div>

            <!-- 📊 Statistic Cards (All 4 Restored) -->
       <div class="d-flex flex-wrap flex-md-nowrap gap-3 mb-4">
    <div id="salesCard" class="stat-card blue text-start p-3 rounded-5 shadow position-relative flex-fill" t-on-click="() => goToSalesPage('sale')">
        <div class="d-flex justify-content-between align-items-start mb-2">
            <h6 class="text-dark">Total Sales</h6>
            <span class="percent-badge"><t t-esc="Math.round(stats.salesPercent)"/>%</span>
        </div>
        <div class="value-oval position-absolute bottom-0 start-0 ms-2 mb-2">
            <p class="fw-bold fs-6"><t t-esc="stats.totalSales"/></p>
        </div>
        <span class="sales-icon position-absolute bottom-0 end-0 me-2 mb-2">📈</span>
    </div>

    <div id="quotationsCard" class="stat-card red text-start p-3 rounded-5 shadow position-relative flex-fill" t-on-click="() => goToSalesPage('quotation')">
        <div class="d-flex justify-content-between align-items-start mb-2">
            <h6 class="text-dark">Total Quotations</h6>
            <span class="percent-badge"><t t-esc="Math.round(stats.quotationsPercent)"/>%</span>
        </div>
        <div class="value-oval position-absolute bottom-0 start-0 ms-2 mb-2">
            <p class="fw-bold fs-6"><t t-esc="stats.totalQuotations"/></p>
        </div>
        <span class="sales-icon position-absolute bottom-0 end-0 me-2 mb-2">📝</span>
    </div>

    <div id="ordersCard" class="stat-card yellow text-start p-3 rounded-5 shadow position-relative flex-fill" t-on-click="() => goToSalesPage('order')">
        <div class="d-flex justify-content-between align-items-start mb-2">
            <h6 class="text-dark">Total Orders</h6>
            <span class="percent-badge"><t t-esc="Math.round(stats.ordersPercent)"/>%</span>
        </div>
        <div class="value-oval position-absolute bottom-0 start-0 ms-2 mb-2">
            <p class="fw-bold fs-6"><t t-esc="stats.totalOrders"/></p>
        </div>
        <span class="sales-icon position-absolute bottom-0 end-0 me-2 mb-2">📦</span>
    </div>

    <div id="revenueCard" class="stat-card green text-start p-3 rounded-5 shadow position-relative flex-fill" t-on-click="() => goToSalesPage('all')">
        <div class="d-flex justify-content-between align-items-start mb-2">
            <h6 class="text-dark">Total Revenue</h6>
            <span class="percent-badge"><t t-esc="Math.round(stats.revenuePercent)"/>%</span>
        </div>
        <div class="value-oval position-absolute bottom-0 start-0 ms-2 mb-2">
            <p class="fw-bold fs-6">$<t t-esc="stats.totalRevenue"/></p>
        </div>
        <span class="sales-icon position-absolute bottom-0 end-0 me-2 mb-2">💰</span>
    </div>
</div>


            <!-- 📈 Graphs Section -->
            <div class="d-flex flex-column flex-md-row gap-3 overflow-x-auto px-2">
                <div class="chart-container flex-fill border rounded-4 p-3 bg-white shadow" style="width: 100%; height: 100%;">
                    <canvas  style="width: 100%; height: 100%;" t-ref="canvas"></canvas>
                </div>
                <div class="chart-container flex-fill border rounded-4 p-3 bg-white shadow " style="width: 50%; height: 100%;">
                    <canvas style="width: 100%; height: 80%;" t-ref="canvastwo"></canvas>
                </div>
            </div>
            <!-- <div class="chart-container flex-fill border rounded-4 p-3 bg-white shadow mt-3"> 
                <canvas t-ref="canvasthree"></canvas>
            </div> -->

            <div class="chart-container flex-fill border rounded-4 p-3 bg-white shadow mt-3" style="width: 100%; height: 100%;">
            
    <canvas t-ref="canvasthree" style="width: 100%; height: 100%;"></canvas>
</div>

        </div>

        <style>
            /* 🟡 Big Yellow Card */
            .big-card {
                background: #f5f8fb;;
                padding: 20px;
                border-radius: 6px;
                margin: 20px;
                max-height: 90vh;
                overflow-y: auto;
            }

            /* 🏷️ Navbar Card (Smaller Height) */
            .navbar-card {
                display: flex;
                flex-wrap: wrap;
                gap: 10px;
                justify-content: space-between;
                align-items: center;
                padding: 10px;
            }
            .filter-dropdown select,
            .form-control {
                width: 150px;
                padding: 5px;
            }
            .btn {
                padding: 5px 12px;
                font-size: 14px;
            }

            /* 📊 Stat Cards */
            .stat-card {
                flex: 1;
                border-radius: 6px;
                position: relative;
                height: 120px; /* Adjusted height */
            }
            .blue { background: #daeaf6; color: black;} 
            .red { background: #ffe2e5; color: black; } 
            .yellow { background: #fff4de; color: black; } 
            .green { background: #dcfce7; color: black; } 
                
                        /* 📊 Graphs */
            .chart-container {
                flex-grow: 1;
                min-width: 300px; 
                min-height: 300px;
                max-height: 300px;
                display: flex;
                flex-direction: column;
                align-items: center;
                justify-content: center;
                position: relative;
            }

            .chart-container canvas {
                width: 100%;
                height: 100%;
            }


            /* 🔘 Oval Value Display */
            .value-oval {
                width: 70px;
                height: 40px;
                background: #e0e0e0;
                border-radius: 50px;
                display: flex;
                align-items: center;
                justify-content: center;
                bottom: 0; /* Ensure it touches the bottom */
            }

                /* Center the number inside the oval */
                .value-oval p {
                    padding-top: 5px; /* Adjust as needed */
                    margin: 0;
                }

            /* 🎯 Percent Badge */
            .percent-badge {
                background: rgba(255, 255, 255, 0.9);
                color: black;
                padding: 4px 10px;
                border-radius: 20px;
                font-size: 12px;
                font-weight: bold;
            }

            /* 📊 Sales Icon */
            .sales-icon {
                font-size: 24px;
                opacity: 0.8;
                bottom: 0; /* Ensure it touches the bottom */
            }

            /* 📱 Mobile Responsive */
            @media (max-width: 768px) {
                .big-card {
                    overflow-y: auto;
                }
                .navbar-card {
                    flex-direction: column;
                    align-items: flex-start;
                    gap: 8px;
                }
                .d-flex.flex-md-nowrap {
                    flex-direction: column;
                }
                .chart-container {
                    min-width: 100%;
                    overflow-x: auto;
                }
            }
        </style>
    </t>
</templates>
