<?xml version="1.0" encoding="UTF-8"?>
<templates xml:space="preserve">
    <t t-name="store_request.Dashboard">
        <div class="o_store_request_dashboard">
            <div class="container-fluid">
                <div class="row">
                    <div class="col-lg-6">
                        <div class="card">
                            <div class="card-body">
                                <canvas id="store_request_chart"/>
                            </div>
                        </div>
                    </div>
                    <div class="col-lg-6">
                        <div class="card">
                            <div class="card-body">
                                <canvas id="purchase_request_chart"/>
                            </div>
                        </div>
                    </div>
                </div>
            </div>
        </div>
    </t>
</templates>
